﻿{
  "users": [
    {
      "id": 1,
      "nome": "Usuário Teste",
      "email": "teste@example.com",
      "senha": "$2b$12$1234567890abcdef1234567890abcdef1234567890abcdef123456" 
    },
    {
      "id": 2,
      "nome": "Usuário Exemplo",
      "email": "teste@email.com",
      "senha": "$2b$12$9876543210fedcba9876543210fedcba9876543210fedcba987654"
    }
  ],

  "atividades": [
    {
      "id": 1,
      "tentativas": 3,
      "dificuldade": "média",
      "horario": "2025-10-30T10:00:00",
      "erros": 2,
      "userId": 1
    }
  ],

  "personagens": [
    {
      "id": 1,
      "usuario_id": 1,
      "sapato": "tênis",
      "acessorios": "óculos",
      "roupa": "casual",
      "cabelo": "curto",
      "corpo": "médio"
    }
  ],

  "posts": [
    {
      "id": 1,
      "user_id": 1,
      "title": "Post de teste",
      "content": "Conteúdo do post de teste"
    }
  ],

  "protected": [
    {
      "id": 1,
      "mensagem": "Acesso permitido - token JWT válido"
    }
  ]
}
